id,name,lng,lat
StopArea:OCE71793150,Portbou,3.158034,42.424701
StopArea:OCE87481440,Clisson,-1.286292,47.086015
StopArea:OCE87485144,Rochefort,-0.963556,45.947189
StopArea:OCE87486258,Luçon,-1.167421,46.463627
StopArea:OCE87491001,Saintes,-0.6179,45.74874
StopArea:OCE87491142,Jonzac,-0.44164,45.438746
StopArea:OCE87543017,Les Aubrais,1.906629,47.926801
StopArea:OCE87547000,Paris Austerlitz,2.364891,48.842285
StopArea:OCE87576009,Vierzon,2.059869,47.226474
StopArea:OCE87576207,Bourges,2.394236,47.094129
StopArea:OCE87586545,Marmande,0.168091,44.503071
StopArea:OCE87592006,Limoges Bénédictins,1.267419,45.836207
StopArea:OCE87592378,La Souterraine,1.492207,46.239782
StopArea:OCE87594002,Brive-la-Gaillarde,1.528634,45.152601
StopArea:OCE87594200,Uzerche,1.570272,45.440654
StopArea:OCE87594333,Souillac,1.466605,44.902127
StopArea:OCE87594572,Saint-Denis-lès-Martel,1.666238,44.946029
StopArea:OCE87597005,Châteauroux,1.699483,46.809812
StopArea:OCE87597062,Issoudun,1.985741,46.948696
StopArea:OCE87597120,Argenton-sur-Creuse,1.518256,46.59225
StopArea:OCE87611137,Saint-Gaudens,0.729154,43.105048
StopArea:OCE87611152,Montréjeau - Gourdan-Polignan,0.57359,43.078085
StopArea:OCE87611343,Pamiers,1.619451,43.116207
StopArea:OCE87611368,Saverdun,1.570636,43.239335
StopArea:OCE87611384,Auterive,1.468831,43.348993
StopArea:OCE87611483,Latour-de-Carol - Enveitg,1.904433,42.458991
StopArea:OCE87611509,Porté-Puymorens,1.824852,42.538781
StopArea:OCE87611517,Andorre l'Hospitalet,1.800264,42.589453
StopArea:OCE87611525,Mérens-les-Vals,1.837128,42.659488
StopArea:OCE87611533,Ax-les-Thermes,1.833295,42.724841
StopArea:OCE87611558,Luzenac - Garanou,1.753416,42.764472
StopArea:OCE87611574,Les Cabannes,1.686299,42.786285
StopArea:OCE87611590,Tarascon-sur-Ariège,1.600042,42.849498
StopArea:OCE87611616,Foix,1.60704,42.969707
StopArea:OCE87613000,Cahors,1.433325,44.449275
StopArea:OCE87613042,Rocamadour - Padirac,1.657104,44.818243
StopArea:OCE87613059,Gramat,1.722343,44.773549
StopArea:OCE87613075,Assier,1.869757,44.67468
StopArea:OCE87613091,Figeac,2.037355,44.603515
StopArea:OCE87613109,Capdenac,2.077963,44.578246
StopArea:OCE87613141,Gourdon,1.389264,44.741933
StopArea:OCE87613224,Aubin,2.239313,44.527276
StopArea:OCE87613232,Cransac,2.271867,44.522951
StopArea:OCE87613257,Saint-Christophe,2.407758,44.464619
StopArea:OCE87613356,Caussade,1.533667,44.162244
StopArea:OCE87613422,Rodez,2.58056,44.362633
StopArea:OCE87613661,Viviez - Decazeville,2.218258,44.555568
StopArea:OCE87615005,Albi Ville,2.137958,43.92238
StopArea:OCE87615039,Castelnaudary,1.95039,43.312292
StopArea:OCE87615112,Lézignan-Corbières,2.769139,43.199956
StopArea:OCE87615195,Albi Madeleine,2.141209,43.938137
StopArea:OCE87615625,Carmaux,2.152401,44.048782
StopArea:OCE87645507,Neussargues,2.979087,45.125462
StopArea:OCE87671123,Lannemezan,0.387367,43.114273
StopArea:OCE87686667,Paris Bercy Bourg. Pays d'Auv.,2.382791,48.839215
StopArea:OCE87696005,Nevers,3.150743,46.987282
StopArea:OCE87696260,Saincaize,3.071937,46.931405
StopArea:OCE87696328,Moulins sur Allier,3.338782,46.561394
StopArea:OCE87721472,Tarare,4.439175,45.889866
StopArea:OCE87726802,Roanne,4.063207,46.039383
StopArea:OCE87732008,Vichy,3.430476,46.126991
StopArea:OCE87732206,Saint-Germain-des-Fossés,3.430574,46.209239
StopArea:OCE87734004,Clermont-Ferrand,3.100543,45.778945
StopArea:OCE87734053,Riom - Châtel-Guyon,3.120498,45.889965
StopArea:OCE87734202,Issoire,3.25404,45.543949
StopArea:OCE87734244,Brassac-les-Mines - Sainte-Florine,3.330167,45.414246
StopArea:OCE87734251,Arvant,3.310554,45.365459
StopArea:OCE87734871,Massiac - Blesle,3.196574,45.253745
StopArea:OCE87751081,Marseille Blancarde,5.406588,43.296195
StopArea:OCE87761783,Crest,5.016106,44.730196
StopArea:OCE87761841,Die,5.363219,44.758238
StopArea:OCE87761874,Luc-en-Diois,5.454618,44.613697
StopArea:OCE87763003,Gap,6.085669,44.563714
StopArea:OCE87763300,Veynes Dévoluy,5.815807,44.532019
StopArea:OCE87763425,Chorges,6.271889,44.545842
StopArea:OCE87763466,Embrun,6.496753,44.567012
StopArea:OCE87763508,Mont-Dauphin - Guillestre,6.61561,44.674625
StopArea:OCE87763557,L'Argentière les Écrins,6.556408,44.791013
StopArea:OCE87763607,Briançon,6.632966,44.889842
StopArea:OCE87781542,Ceilhes - Roqueredonde,3.155302,43.812151
StopArea:OCE87781583,Le Bousquet-d'Orb,3.168938,43.69121
StopArea:OCE87781609,Bédarieux,3.149569,43.608697
StopArea:OCE87781666,Magalas,3.229541,43.4676
StopArea:OCE87783001,Millau,3.07457,44.102344
StopArea:OCE87783175,Saint-Flour - Chaudes-Aigues,3.106286,45.035012
StopArea:OCE87783241,Saint-Chély-d'Apcher,3.270857,44.801791
StopArea:OCE87783266,Aumont-Aubrac,3.283582,44.718235
StopArea:OCE87783282,Marvejols,3.281119,44.544675
StopArea:OCE87783324,Banassac - La Canourgue,3.195852,44.447763
StopArea:OCE87783340,Campagnac - Saint-Geniez,3.066401,44.421956
StopArea:OCE87783365,Sévérac-le-Château,3.056945,44.324652
StopArea:OCE87783423,Saint-Georges-de-Luzençon,2.983784,44.066553
StopArea:OCE87783431,Saint-Rome-de-Cernon,2.967374,44.013981
StopArea:OCE87783456,Tournemire - Roquefort,3.016626,43.9698
StopArea:OCE87784207,Elne,2.963585,42.597114
StopArea:OCE87784231,Argelès-sur-Mer,3.021919,42.543908
StopArea:OCE87784256,Collioure,3.078202,42.526928
StopArea:OCE87784264,Port-Vendres,3.102576,42.513608
StopArea:OCE87784298,Banyuls-sur-Mer,3.12505,42.482957999999996
StopArea:OCE87785006,Cerbère,3.163403,42.441773
StopArea:OCE80143099,Offenburg,7.9468,48.4765
StopArea:OCE80143198,Lahr (Schwarzw),7.8353,48.3406
StopArea:OCE80143313,Emmendingen,7.8479,48.1193
StopArea:OCE80143503,Freiburg (Breisgau) Hbf,7.8416,47.9979
StopArea:OCE82001000,Luxembourg,6.134722,49.599722
StopArea:OCE83002022,BARDONECCHIA,6.709963,45.076449
StopArea:OCE83002048,OULX CESANA CLAVIERE SESTRIERE,6.831431,45.038795
StopArea:OCE83002220,Turin Porta Susa,7.666675,45.074118
StopArea:OCE83002451,VERCELLI,8.416042,45.329904
StopArea:OCE83002485,NOVARA,8.624913,45.451371
StopArea:OCE83016451,MILANO PORTA GARIBALDI,9.187694,45.484916
StopArea:OCE87111849,Marne-la-Vallée Chessy,2.782626,48.869898
StopArea:OCE87113001,Paris Est,2.358424,48.876742
StopArea:OCE87141002,Nancy,6.174579,48.689857
StopArea:OCE87141150,Lunéville,6.496997,48.58799
StopArea:OCE87142109,Lorraine TGV,6.169778,48.947713
StopArea:OCE87144006,Épinal,6.441787,48.178005
StopArea:OCE87144014,Saint-Dié-des-Vosges,6.948516,48.282043
StopArea:OCE87144451,Remiremont,6.598879,48.016342
StopArea:OCE87147322,Meuse TGV,5.271024,48.978583
StopArea:OCE87171009,Reims,4.021994,49.258934
StopArea:OCE87171926,Champagne-Ardenne TGV,3.994523,49.214769
StopArea:OCE87172007,Charleville-Mézières,4.724344,49.76763
StopArea:OCE87172254,Sedan,4.930373,49.695024
StopArea:OCE87172270,Rethel,4.369566,49.504393
StopArea:OCE87174003,Châlons-en-Champagne,4.348656,48.955252
StopArea:OCE87174276,Vitry-le-François,4.587515,48.717913
StopArea:OCE87175042,Bar-le-Duc,5.167053,48.773598
StopArea:OCE87182014,Colmar,7.347756,48.073527
StopArea:OCE87182063,Mulhouse,7.34316,47.742691
StopArea:OCE87191007,Thionville,6.168582,49.353965
StopArea:OCE87192039,Metz,6.177052,49.109466
StopArea:OCE87212027,Strasbourg,7.734793,48.584532
StopArea:OCE87212225,Saverne,7.362055,48.744483
StopArea:OCE87214056,Sélestat,7.443157,48.259824
StopArea:OCE87215012,Sarrebourg,7.05285,48.73808
StopArea:OCE87223263,Lille Europe,3.075721,50.6394
StopArea:OCE87271007,Paris Gare du Nord,2.354851,48.880136
StopArea:OCE87271494,Aéroport Charles de Gaulle 2 TGV,2.570812,49.003618
StopArea:OCE87281006,Dunkerque,2.368991,51.03041
StopArea:OCE87281071,Calais - Fréthun,1.811178,50.901247
StopArea:OCE87286005,Lille Flandres,3.06987,50.636577
StopArea:OCE87286302,Hazebrouck,2.541463,50.724924
StopArea:OCE87286542,Tourcoing,3.168027,50.716826
StopArea:OCE87286716,Croix - Wasquehal,3.138069,50.678528
StopArea:OCE87286732,Roubaix,3.16351,50.695557
StopArea:OCE87300822,Belfort - Montbéliard TGV,6.897984,47.585105
StopArea:OCE87300863,Besançon Franche-Comté TGV,5.953613,47.307215
StopArea:OCE87313882,TGV Haute Picardie,2.831619,49.859172
StopArea:OCE87317057,Rang-du-Fliers - Verton - Berck,1.648048,50.415845
StopArea:OCE87317065,Étaples - Le Touquet,1.642582,50.516544
StopArea:OCE87317263,Calais Ville,1.850885,50.953466
StopArea:OCE87317586,Boulogne sur Mer,1.609714,50.715613
StopArea:OCE87318964,Avignon TGV,4.786136,43.92194
StopArea:OCE87319012,Aix-en-Provence TGV,5.317534,43.455237
StopArea:OCE87324095,Futuroscope,0.377209,46.669918
StopArea:OCE87342006,Béthune,2.640509,50.521454
StopArea:OCE87342014,Arras,2.781314,50.286971
StopArea:OCE87343004,Valenciennes,3.517124,50.363187
StopArea:OCE87345009,Douai,3.089958,50.371673
StopArea:OCE87345025,Lens,2.828301,50.426866
StopArea:OCE87381509,Mantes-la-Jolie,1.70337,48.98984
StopArea:OCE87391003,Paris Montparnasse Hall 1 - 2,2.320514,48.841172
StopArea:OCE87393009,Versailles Chantiers,2.135883,48.795826
StopArea:OCE87393579,Massy Palaiseau RER C,2.257528,48.726421
StopArea:OCE87393702,Massy TGV,2.261254,48.725758
StopArea:OCE87396002,Le Mans,0.192614,47.995615
StopArea:OCE87396408,Sablé-sur-Sarthe,-0.342,47.841759
StopArea:OCE87411017,Rouen Rive Droite,1.094103,49.448663
StopArea:OCE87413013,Le Havre,0.124644,49.492624
StopArea:OCE87471003,Rennes,-1.672744,48.103517
StopArea:OCE87471300,Redon,-2.08777,47.652004
StopArea:OCE87471508,Vitré,-1.211754,48.122671
StopArea:OCE87473009,Saint-Brieuc,-2.765,48.50758
StopArea:OCE87473108,Lamballe,-2.511546,48.46606
StopArea:OCE87473181,Plouaret Trégor,-3.466979,48.606422
StopArea:OCE87473207,Guingamp,-3.143343,48.555659
StopArea:OCE87473223,Lannion,-3.460353,48.727638
StopArea:OCE87474007,Brest,-4.480306,48.38762
StopArea:OCE87474098,Quimper,-4.092103,47.994455
StopArea:OCE87474155,Rosporden,-3.832702,47.960224
StopArea:OCE87474239,Landerneau,-4.256528,48.453572
StopArea:OCE87474338,Morlaix,-3.832514,48.57797
StopArea:OCE87476002,Lorient,-3.366221,47.755597
StopArea:OCE87476200,Auray,-2.999363,47.680085
StopArea:OCE87476317,Quimperlé,-3.552693,47.869375
StopArea:OCE87476606,Vannes,-2.75245,47.665169
StopArea:OCE87478073,Dol-de-Bretagne,-1.750536,48.54425
StopArea:OCE87478107,Saint-Malo,-2.004158,48.646859
StopArea:OCE87478404,Laval,-0.760929,48.076255
StopArea:OCE87481002,Nantes,-1.542077,47.217491
StopArea:OCE87481192,Ancenis,-1.177763,47.369334
StopArea:OCE87481705,Saint-Nazaire,-2.211079,47.286489
StopArea:OCE87481747,Pornichet,-2.344865,47.27043
StopArea:OCE87481754,La Baule-Escoublac,-2.38921,47.288459
StopArea:OCE87481762,Le Pouliguen,-2.433126,47.282504
StopArea:OCE87481788,Le Croisic,-2.50734,47.289889
StopArea:OCE87484006,Angers Saint-Laud,-0.55677,47.464649
StopArea:OCE87485003,La Rochelle,-1.145853,46.152705
StopArea:OCE87485227,Surgères,-0.762054,46.113252
StopArea:OCE87485300,Niort,-0.454639,46.319491
StopArea:OCE87485490,Saint-Maixent-L'École,-0.20132,46.406482
StopArea:OCE87486019,La Roche-sur-Yon,-1.43566,46.672075
StopArea:OCE87486449,Les Sables-d'Olonne,-1.781116,46.500032
StopArea:OCE87487603,Saumur,-0.071403,47.268994
StopArea:OCE87571000,Tours,0.692831,47.389866
StopArea:OCE87571216,Vendôme - Villiers-sur-Loir,1.021143,47.821937
StopArea:OCE87571240,Saint-Pierre-des-Corps,0.723539,47.38614
StopArea:OCE87575001,Poitiers,0.333136,46.582232
StopArea:OCE87575142,Châtellerault,0.549279,46.818594
StopArea:OCE87581009,Bordeaux Saint-Jean,-0.556697,44.825873
StopArea:OCE87582478,Biganos Facture,-0.96621,44.637384
StopArea:OCE87582643,La Teste,-1.14297,44.636966
StopArea:OCE87582668,Arcachon,-1.165323,44.658967
StopArea:OCE87583005,Angoulême,0.164608,45.653572
StopArea:OCE87584052,Libourne,-0.236359,44.915904
StopArea:OCE87586008,Agen,0.620867,44.207967
StopArea:OCE87611004,Toulouse Matabiau,1.453616,43.611206
StopArea:OCE87611244,Montauban Ville Bourbon,1.341499,44.01444
StopArea:OCE87615286,Carcassonne,2.351824,43.218029
StopArea:OCE87671008,Tarbes,0.069442,43.239863
StopArea:OCE87671339,Lourdes,-0.042186,43.100429
StopArea:OCE87672006,Pau,-0.369675,43.291711
StopArea:OCE87672253,Orthez,-0.76776,43.484242
StopArea:OCE87673004,Bayonne,-1.470368,43.496793
StopArea:OCE87673202,Dax,-1.050301,43.720472
StopArea:OCE87673400,Biarritz,-1.545937,43.459387
StopArea:OCE87677005,Hendaye,-1.781724,43.353132
StopArea:OCE87677120,Saint-Jean-de-Luz - Ciboure,-1.661181,43.385862
StopArea:OCE87686006,Paris Gare de Lyon Hall 1 - 2,2.373481,48.844945
StopArea:OCE87688887,Montpellier Sud de France,3.924009,43.595146
StopArea:OCE87694109,Le Creusot-TGV,4.49943,46.765339
StopArea:OCE87703975,Nîmes Pont du Gard,4.507678,43.816809
StopArea:OCE87713040,Dijon,5.027256,47.323411
StopArea:OCE87713131,Montbard,4.336212,47.618741
StopArea:OCE87713412,Dole,5.48806,47.09615
StopArea:OCE87713545,Beaune,4.848423,47.023014
StopArea:OCE87718007,Besançon Viotte,6.021943,47.247049
StopArea:OCE87722025,Lyon Perrache,4.825777,45.748508
StopArea:OCE87723197,Lyon Part Dieu,4.859409,45.760596
StopArea:OCE87725002,Chalon-sur-Saône,4.843479,46.781622
StopArea:OCE87725689,Mâcon,4.824887,46.302572
StopArea:OCE87725705,Mâcon - Loché TGV,4.778924,46.282912
StopArea:OCE87726000,Saint-Étienne Châteaucreux,4.399722,45.443366
StopArea:OCE87741009,Chambéry - Challes-les-Eaux,5.919547,45.571302
StopArea:OCE87741132,Aix-les-Bains le Revard,5.909371,45.688161
StopArea:OCE87741306,Saint-Avre - La Chambre,6.302867,45.35312
StopArea:OCE87741645,Albertville,6.383167,45.672977
StopArea:OCE87741728,Moûtiers-Salins-Brides-les-B.,6.531399,45.48647
StopArea:OCE87741769,Aime - La Plagne,6.648614,45.554387
StopArea:OCE87741777,Landry,6.733849,45.574213
StopArea:OCE87741793,Bourg-Saint-Maurice,6.771273,45.619036
StopArea:OCE87742007,Modane,6.659139,45.193555
StopArea:OCE87742320,Saint-Jean-de-Maurienne Arvan,6.354716,45.277542
StopArea:OCE87742361,Saint-Michel - Valloire,6.471914,45.216916
StopArea:OCE87745000,Bellegarde,5.823483,46.109425
StopArea:OCE87745497,Annemasse,6.236431,46.199245
StopArea:OCE87745646,Thonon-les-Bains,6.481673,46.368989
StopArea:OCE87745679,Évian-les-Bains,6.577469,46.397916
StopArea:OCE87746008,Annecy,6.121826,45.902047
StopArea:OCE87746370,Cluses,6.582771,46.061468
StopArea:OCE87746438,Sallanches - Combloux - Megève,6.636458,45.935699
StopArea:OCE87746479,Saint-Gervais-les-Bains-Le Fayet,6.701331,45.906423
StopArea:OCE87747006,Grenoble,5.714548,45.191491
StopArea:OCE87751008,Marseille Saint-Charles,5.380407,43.302666
StopArea:OCE87753004,Miramas,4.999565,43.580737
StopArea:OCE87753657,Arles,4.632105,43.684863
StopArea:OCE87755009,Toulon,5.929404,43.128353
StopArea:OCE87755447,Les Arcs - Draguignan,6.482424,43.455725
StopArea:OCE87755629,Hyères,6.124207,43.108902
StopArea:OCE87756056,Nice-Ville,7.261904,43.704556
StopArea:OCE87757526,Saint-Raphaël Valescure,6.769037,43.423631
StopArea:OCE87757625,Cannes,7.019711,43.553908
StopArea:OCE87757674,Antibes,7.119913,43.585971
StopArea:OCE87761007,Valence,4.893288,44.928081
StopArea:OCE87762906,Lyon Saint-Exupéry TGV,5.074969,45.721109
StopArea:OCE87763029,Valence TGV Rhône-Alpes Sud,4.978652,44.991907
StopArea:OCE87764001,Montélimar,4.744726,44.558936
StopArea:OCE87765008,Avignon Centre,4.805269,43.941923
StopArea:OCE87765107,Orange,4.820058,44.137485
StopArea:OCE87773002,Montpellier Saint-Roch,3.880674,43.604738
StopArea:OCE87773200,Sète,3.696571,43.412641
StopArea:OCE87775007,Nîmes,4.365872,43.832313
StopArea:OCE87781005,Béziers,3.218895,43.336295
StopArea:OCE87781104,Narbonne,3.005667,43.190618
StopArea:OCE87781278,Agde,3.466203,43.31728
StopArea:OCE87784009,Perpignan,2.879355,42.696096
StopArea:OCE88140010,Bruxelles Midi,4.336,50.836
IDFM:62558,Combs-la-Ville - Quincy,2.5479925008956568,48.66774437556614
IDFM:63954,Grâce de Dieu,2.175926563788442,48.80382101169773
IDFM:68980,Changis - Saint-Jean,3.0250921698928943,48.958658457382356
IDFM:66452,Saint-Leu-la-Forêt,2.2424957389535107,49.015348337431384
IDFM:411444,Châteaudun,1.3384330021828876,48.073492940832686
IDFM:73493,Butte Montceleux / Luther King,2.5310069739990855,48.9483106991048
IDFM:67917,Faremoutiers - Pommeuse,2.993702769869873,48.80820369639435
IDFM:61579,Fontainebleau - Avon,2.726598968975019,48.4160444787503
IDFM:67325,Bruyères-sur-Oise,2.3257124566445917,49.154941316688095
IDFM:66803,Saint-Ouen-l'Aumône,2.1063627485438583,49.045800906260055
IDFM:74348,Gisors,1.7847635457732476,49.28540169586443
IDFM:72120,Courbevoie - Europe,2.2565867839116374,48.90503346751412
IDFM:69677,Pont de Rungis Aéroport d'Orly,2.3712308052561912,48.7472250501806
IDFM:71609,Nogent - Le Perreux,2.494098015178811,48.83929033396372
IDFM:64582,Le Vésinet - Le Pecq,2.1214333227746858,48.89773753668432
IDFM:411462,Champigny-sur-Yonne,3.130154840410363,48.32421062271411
IDFM:61480,Thomery,2.7641871478412705,48.39428183783097
IDFM:64622,Saint-Germain-en-Laye Grande Ceinture,2.0739207756190274,48.9028700653953
IDFM:62939,Chilly-Mazarin,2.3077529257096887,48.700259345532544
IDFM:63244,Massy - Palaiseau,2.25870317089009,48.72479910177586
IDFM:70596,Porte d'Italie,2.359949295482016,48.81876707846658
IDFM:66798,Frépillon,2.199407277621513,49.046385152952936
IDFM:73721,Versailles Château Rive Gauche,2.1290407202416146,48.799724508214595
IDFM:65443,Chanteloup-les-Vignes,2.0274748848099233,48.9705087701028
IDFM:66334,Thun le Paradis,1.919725921851513,49.006655613713065
IDFM:72225,Les Grésillons,2.314080259323548,48.920130130791534
IDFM:62471,Verneuil -l'Étang,2.8250837064384484,48.64446585966972
IDFM:69554,Ablon,2.4192622507119297,48.725162199419685
IDFM:411456,Étigny - Véron,3.2900826338816094,48.13765030143217
IDFM:60987,Savigny-sur-Orge,2.3509146247452444,48.67583367239808
IDFM:62804,Le Perray,1.8564579863176116,48.69327783395025
IDFM:62875,Pyramide de Juvisy,2.3718828057335704,48.69810923065547
IDFM:62658,Eglise / Marché,2.4091496578265277,48.686516522522595
IDFM:73603,L'Étang-la-Ville,2.076893601882248,48.86818814962987
IDFM:71422,Puteaux,2.2334042184621183,48.88310999495285
IDFM:73844,Champ de Mars Tour Eiffel,2.2906668421191214,48.85682881407597
IDFM:69647,Fontaine Michalon,2.296398275614947,48.742755522189015
IDFM:61961,Sainte-Colombe Septveilles,3.2547612710637077,48.52974383029457
IDFM:411480,Laroche - Migennes,3.5126763134529835,47.96107924372578
IDFM:67929,Pot d'Etain,3.18080701171828,48.81133634609817
IDFM:72132,Asnières-sur-Seine,2.282267959459062,48.906030970393374
IDFM:71410,Gare du Nord,2.3568259434290013,48.88096281962588
IDFM:71135,Gare d'Austerlitz,2.3667244975569255,48.8423536391491
IDFM:61943,Boissise-le-Roi,2.572283203120122,48.529526259908785
IDFM:411508,Chartres,1.4805376543356368,48.44815728195019
IDFM:71651,Vincennes,2.434782751025897,48.84749214697868
IDFM:411281,Lycée Henri Sellier,2.5149760564466153,48.91633161750583
IDFM:67180,Seugy,2.3996583056293246,49.11912737513361
IDFM:411450,Voves,1.6220416259899684,48.27503094784323
IDFM:61450,Vernou-sur-Seine,2.842372508646191,48.386675792994815
IDFM:73681,Daumesnil,2.4150450137291584,48.65074127557967
IDFM:73568,Parc des Expositions,2.5139817411299967,48.97385357723973
IDFM:70829,Suresnes Mont Valérien,2.2211437176254165,48.871802506734774
IDFM:65485,Enghien-les-Bains,2.3069020049902758,48.97292564708363
IDFM:72301,Boulevard d'Achères,2.255319646659911,48.932099328400085
IDFM:72285,Saint-Denis - Porte de Paris,2.3563512339774797,48.929851765017084
IDFM:63989,Montreuil,2.152070746625082,48.806388385797796
IDFM:411333,Boran-sur-Oise,2.3624707440874264,49.1672028872701
IDFM:72396,Villetaneuse Université,2.342068642327161,48.96002596412975
IDFM:59734,Chamarande,2.2157940464630372,48.51350862761326
IDFM:61414,Montereau,2.942946687501169,48.37997743815116
IDFM:64394,Mairie / L'Etang la Ville,2.0728872721629013,48.87051664556693
IDFM:62951,Courcelle-sur-Yvette,2.0982307170469556,48.70086080167035
IDFM:69237,Lizy-sur-Ourcq,3.0317605166535815,49.02177206596266
IDFM:60247,Brétigny,2.3019864351015764,48.607013554066775
IDFM:424396,Ivry-sur-Seine,2.3903851080155145,48.81382663917094
IDFM:59470,Maisse,2.3932232774294215,48.39310314038791
IDFM:70713,Garches - Marnes-la-Coquette,2.186532638388526,48.8383450688878
IDFM:66557,Taverny,2.221793081970764,49.02543219498641
IDFM:70313,Vitry-sur-Seine,2.401480648709674,48.80045935636129
IDFM:417630,Gare de Sevres - Rive Gauche,2.2188608495701967,48.82084263604628
IDFM:60665,Rambouillet,1.8321617680989135,48.643467276907465
IDFM:64528,Gaudines,2.071861456456491,48.89250710860041
IDFM:60084,Moulin Galant,2.473085676063421,48.58687542039321
IDFM:72648,Le Blanc-Mesnil,2.4765403222364855,48.932451407115856
IDFM:68638,Mairie / Place de l'Europe,2.8126960536225267,48.90087650559051
IDFM:69529,Hôpital Jean Rostand,2.2015746402815504,48.82082777385655
IDFM:68123,Lognes,2.6332793753873904,48.83919987267613
IDFM:483238,Grand Cerf,2.207328498828686,48.923607808104265
IDFM:63507,Les Pyramides,1.9483774272615884,48.76320595150607
IDFM:59940,Breuillet Village,2.1712641165403426,48.56465083614513
IDFM:478374,Edouard Branly / Pierre Edouard,2.162478127453482,48.801029523882114
IDFM:66005,Franconville - Le Plessis-Bouchard,2.234659273198872,48.99348411098613
IDFM:61836,Fernand Léger / Vosves,2.5928558621408477,48.51391867368138
IDFM:69846,Rouget de Lisle,2.405556252970153,48.76419317149715
IDFM:60981,Viry-Châtillon,2.3861479691997296,48.67573243977897
IDFM:413632,Sognolles,2.1987342417204396,49.050993593935516
IDFM:67924,Guérard - La Celle-sur-Morin,2.955567892969253,48.811046607688304
IDFM:68153,Noisiel,2.6160744874937913,48.84354368236578
IDFM:68117,Eglise / Collégien,2.6691450082194863,48.83942585911968
IDFM:68311,Villiers Montbarbin,2.8840446308943424,48.863191689658315
IDFM:66042,Verdun / Conflans Sainte-Honorine Noctilien,2.0941107148423113,48.99654302239395
IDFM:70612,Issy,2.258368889510842,48.81968665528405
IDFM:67131,Us,1.9704028240323048,49.10022552227606
IDFM:73709,L'Abbaye,2.5165961841813282,48.921860222994695
IDFM:72126,Saint-Ouen,2.321963457650817,48.90474240856289
IDFM:73608,Conseil Départemental / Conseil Général,2.0743765133556096,49.03181843530079
IDFM:411419,La Borne Blanche,2.5069005014512595,49.127053224008336
IDFM:67625,Tournan,2.7592365672264005,48.73916701414656
IDFM:72073,Clichy - Levallois,2.2979029131068054,48.89636151602909
IDFM:64483,Chatou - Croissy,2.1552608506176005,48.88517426533577
IDFM:65988,Juziers,1.8452085716946895,48.992404826451406
IDFM:63175,Palaiseau,2.246956614079129,48.71681094856261
IDFM:70033,Bourg-la-Reine,2.31237694811769,48.78000860296694
IDFM:68476,Chessy / Mairie,2.7657912167383714,48.878581310673674
IDFM:71799,Porte de Bagnolet,2.408792445557738,48.86405391823427
IDFM:61850,Vosves,2.5994097381795305,48.51507609100275
IDFM:64246,Noisy-le-Roi,2.0616351557676804,48.841630657693365
IDFM:69671,Villeneuve Triage,2.4379368050256933,48.74582179230485
IDFM:71269,Musée d'Orsay,2.3255847993311374,48.860565159015714
IDFM:71311,République,2.3641535175879786,48.86769225425708
IDFM:411339,Trie-Château,1.8184760003367584,49.28241848621809
IDFM:73614,Courbevoie,2.248274954893606,48.89820967407647
IDFM:67942,Gare de Chailly Boissy le Chatel,3.151256973174224,48.81450265128238
IDFM:63955,Montfort-l'Amaury - Méré,1.8156354836934856,48.80263340840436
IDFM:74349,Maintenon,1.5926330908061617,48.586256682993294
IDFM:71545,Porte de Clichy,2.3137113966769203,48.89481188799929
IDFM:61767,Fontaine-le-Port,2.7506556351555926,48.48715522620524
IDFM:61094,Souppes - Château-Landon,2.735091695481384,48.18162980663414
IDFM:65562,Deuil - Montmagny,2.3373020977347454,48.97559739743051
IDFM:70584,Vanves - Malakoff,2.293950524228962,48.818683381477314
IDFM:72517,Escadrille Normandie - Niémen,2.4365491523875473,48.91286788510767
IDFM:72179,Bois-Colombes,2.2712625826743116,48.91402688268647
IDFM:73217,Ville Évrard,2.5458306790097525,48.862727843602556
IDFM:69212,Aéroport CDG - Terminal 1,2.541760333008855,49.01399178926818
IDFM:69196,Thieux - Nantouillet,2.680610129669566,49.00834494188708
IDFM:477288,Clichy-sous-Bois - Mairie,2.5460331868205346,48.908314747208124
IDFM:64195,Plaisir - Les Clayes,1.9597661463689107,48.83044811132034
IDFM:60072,Arpajon,2.24146765914934,48.58600739565387
IDFM:66095,Conflans Sainte-Honorine,2.098467363676806,48.997106835072074
IDFM:62176,Cesson,2.594085206828706,48.5650277519103
IDFM:67107,Valmondois,2.2024926110777288,49.091302615578485
IDFM:72929,Sucy - Bonneuil,2.5070343289604966,48.771607535922755
IDFM:68129,Torcy,2.654835007866496,48.83904367366722
IDFM:69072,Nanteuil - Saâcy,3.2197628777423333,48.973904042427776
IDFM:61145,Bagneaux-sur-Loing,2.7036326933140242,48.229950466939734
IDFM:66816,Pontoise,2.0949312080900833,49.046722442258556
IDFM:70543,Gentilly,2.340776740733466,48.815789380967225
IDFM:420960,Place Robespierre,1.7461286442278428,48.98536683502747
IDFM:70119,Jean-Pierre Timbaud,2.4070692713653044,48.786699458319084
IDFM:73439,Sevran - Livry,2.534674020733233,48.935207728110974
IDFM:64382,Saint-Nom-la-Bretèche Forêt de Marly,2.0509066489796943,48.867340453902926
IDFM:65659,La Frette - Montigny,2.1815266434699985,48.980125632288335
IDFM:72037,Bondy,2.4796900753060336,48.89455539070241
IDFM:64741,Houilles - Carrières-sur-Seine,2.185804211771818,48.91986172418572
IDFM:481111,Terroirs de France,2.3883759342031587,48.83186683612422
IDFM:71370,Gare Saint-Lazare,2.3252697938313074,48.875942170484834
IDFM:62627,Blazy,2.374555579888923,48.684253305834424
IDFM:71453,Péreire Levallois,2.2976930013443706,48.885127670326234
IDFM:64945,Nézel - Aulnay,1.8407350292757463,48.93871678000858
IDFM:73626,Gare de Lyon,2.3750367776928214,48.84456884634244
IDFM:60454,Gazeran,1.7725599327024917,48.62500251098224
IDFM:67056,Boissy-l'Aillerie,2.026694778442739,49.07527336875233
IDFM:65994,Les Mureaux,1.9131899357941797,48.99270261749546
IDFM:64341,Louveciennes,2.1226166136541686,48.86111520403133
IDFM:67871,Eustache Lenoir,3.267547216909479,48.79794849640181
IDFM:60839,Ris-Orangis,2.4144971914855313,48.6590550069372
IDFM:63667,Yves Farge,1.9943153857635771,48.776697780686575
IDFM:73845,Aéroport CDG - Terminal 2E-2F,2.5771420888774514,49.004405707328644
IDFM:73699,Aéroport CDG - Terminal 2 (TGV),2.5722073332859,49.00448713286739
IDFM:69759,Antony,2.3010503411002285,48.754875842515176
IDFM:411496,Marchezais - Broué,1.5133235838557946,48.76849562882864
IDFM:71321,Avenue Foch,2.2747712644338454,48.86985281215763
IDFM:64674,Maule,1.857128082605644,48.909640532269
IDFM:63278,Orly 4,2.368688641866179,48.72912832295537
IDFM:66632,Mairie / Les Noues,2.4740030058804585,49.032206108784344
IDFM:66535,Goussainville,2.46261133476599,49.02363576358399
IDFM:61926,Melun,2.654837989014943,48.52788300025775
IDFM:70263,Arcueil - Cachan,2.32815665004324,48.79906237536497
IDFM:69682,Chemin d'Antony,2.313165912347907,48.747970993649105
IDFM:67172,L'Isle-Adam - Parmain,2.2097278249565173,49.114699994646315
IDFM:66952,Pont Petit,2.1297618207565545,49.06086534277471
IDFM:66650,Les Noues,2.477203733923143,49.03281363722054
IDFM:69722,Les Tilleuls,2.4056195170204564,48.75266286308112
IDFM:70412,Meudon Val Fleury,2.241141437574725,48.80787740952549
IDFM:68984,Trilport,2.9492266756156473,48.96049268484353
IDFM:71517,La Défense,2.239150519190632,48.89160941818277
IDFM:65360,La Barre Ormesson,2.317279483312374,48.96699159192748
IDFM:61410,Moret - Veneux-les-Sablons,2.7997235182143916,48.37789712087584
IDFM:472362,Seugy,2.402108132463022,49.119227801596054
IDFM:72124,Bécon les Bruyères,2.2688037708084656,48.90451511924355
IDFM:65732,Gargenville,1.8104683796756178,48.9838052356594
IDFM:73362,Léon Blum,2.5318959922139657,48.90869649407682
IDFM:71505,Porte d'Asnières - Marguerite Long,2.3027078637922176,48.89048101807227
IDFM:69450,Survilliers - Fosses,2.525230295266339,49.09951048410054
IDFM:73520,Le Clos Montceleux,2.5353563011699007,48.95433468156713
IDFM:66281,Place du Vexin,1.9067152184575131,49.004935169693866
IDFM:65928,Pont Rive Droite / Conflans Fin d'Oise,2.082995542780944,48.99175542629286
IDFM:68918,La Ferté-sous-Jouarre,3.1246904678122234,48.95057951610073
IDFM:73042,Champigny,2.510913169046467,48.8070899464093
IDFM:69813,La Croix de Berny,2.303951871600033,48.76221867799093
IDFM:68505,Couilly - Saint-Germain - Quincy,2.853851354466907,48.88316335837764
IDFM:69906,Parc de Sceaux,2.3110987894332147,48.77013010309965
IDFM:64589,Saint-Germain-en-Laye,2.0952019136637134,48.899349910820405
IDFM:69528,Bellevue,2.2299143314158676,48.81894962083147
IDFM:63621,Pasteur,1.98369992750713,48.77357226740703
IDFM:74265,Sceaux,2.2979282159439305,48.781307920937515
IDFM:411382,Chézy-sur-Marne,3.3652942184882852,48.990548997099616
IDFM:62971,Patte d'Oie,2.429813667684495,48.703203367968385
IDFM:67429,Piscine des Sénarts / Le stade,2.5255584605666543,48.69095813584228
IDFM:73098,Les Boullereaux Champigny,2.511050846486051,48.82488111899386
IDFM:64301,Bougival,2.1314984325711333,48.85408618216473
IDFM:66934,Méry-sur-Oise,2.190216297003079,49.058121103787585
IDFM:63923,Viroflay Rive Gauche,2.1714673688212214,48.80082212035793
IDFM:65897,Herblay,2.161540016010179,48.990657376586846
IDFM:71054,Marcel Sembat,2.2435575418247744,48.83375470939502
IDFM:64175,Orgerus - Béhoust,1.7024506612332846,48.82664360773475
IDFM:71286,Avenue Henri Martin,2.2728586879495656,48.864730687764975
IDFM:72177,Les Vallées,2.2576207922918363,48.91431633825366
IDFM:73350,Romain Rolland,2.546739876362648,48.904711250609296
IDFM:60234,Ambroise Croizat,2.4661156287111936,48.60623895503215
IDFM:66009,Villiers-le-Bel - Gonesse - Arnouville,2.416780587221938,48.99430518223456
IDFM:60536,Saint-Michel-sur-Orge,2.3064414944021903,48.63575284814664
IDFM:65490,Aubergenville Élisabethville,1.8486252201109696,48.97204575081943
IDFM:72641,Le Bourget,2.4255291723753234,48.9310172011565
IDFM:67072,Villaines,2.3518345204682074,49.079306086128284
IDFM:68582,Montry - Condé,2.8265604934771833,48.89097370895945
IDFM:72486,Bobigny Pablo Picasso,2.4494639290998186,48.90698806610648
IDFM:61826,Livry-sur-Seine,2.67916766637593,48.51038312654034
IDFM:63284,Orly 1-2-3,2.3602315001631897,48.72860658169474
IDFM:411346,Chaumont-en-Vexin,1.8728977843623518,49.261285329956
IDFM:69852,Choisy-le-Roi,2.410398584126722,48.764891736703206
IDFM:73591,Cargo Centre,2.5261136458681333,48.99836117307523
IDFM:65749,Groslay,2.353201381409246,48.98505435188866
IDFM:59953,Le Coudray-Montceaux,2.4924776663338903,48.56630636749628
IDFM:66157,Rosny-sur-Seine,1.6301501274624712,48.99732744802272
IDFM:66335,Montigny - Beauchamp,2.197111441686437,49.00732546542588
IDFM:72244,Colombes,2.259258017101952,48.923431982029854
IDFM:480561,Hôpital Européen Georges Pompidou,2.2724233456846163,48.83977972459874
IDFM:72787,Pierrefitte - Stains,2.369953299658597,48.962423878616654
IDFM:68960,Parc / Saint Fiacre,2.9500413973499438,48.958219041740485
IDFM:65542,Andrésy,2.0497537766162517,48.97537265721507
IDFM:64306,Carrefour 307 / Tennis,2.0187244860272875,48.85587906630321
IDFM:69842,Villeneuve Prairie / Pompadour,2.441794301619653,48.76474578088524
IDFM:65110,Val d'Argenteuil,2.231671681314595,48.950542952231146
IDFM:67458,Pont Perronet / Rond Point Wittlich,2.502137610146569,48.69510365643668
IDFM:463843,Triel-sur-Seine,2.00571378124503,48.9811893079247
IDFM:65910,Ermont Halte,2.263340089348758,48.99029637293545
IDFM:73628,Champs Elysées - Grand Bourg,2.431312632266149,48.64349802386665
IDFM:478648,Arboretum,2.561565105555899,48.897810361527064
IDFM:67658,Gretz-Armainvilliers,2.7280745527293364,48.74599413088917
IDFM:411489,Ferrières - Fontenay,2.7723795226191994,48.096169475775426
IDFM:64514,Le Vésinet - Centre,2.134554862635208,48.8899773058796
IDFM:62977,Longjumeau,2.295310937007003,48.70289842207993
IDFM:71161,Luxembourg,2.3403677241813132,48.846496106831424
IDFM:68653,Esbly,2.810716433136834,48.90323402014057
IDFM:65063,Argenteuil,2.256805905332947,48.947014328689804
IDFM:63812,Saint-Quentin en Yvelines - Montigny-le-Bretonneux,2.0453343806076676,48.78755443971757
IDFM:73101,Avenue de Gaumont,2.549256181087143,48.826793970338095
IDFM:66659,Saint-Ouen-l'Aumône Liesse,2.12812847016547,49.033862672287015
IDFM:71379,Porte Maillot,2.2829810266404635,48.87803462882737
IDFM:69254,Dammartin - Juilly - Saint-Mard,2.699046561641733,49.03219634266123
IDFM:415628,Novotel Pont A13,1.9960968683311555,48.924609793313685
IDFM:61327,Montigny-sur-Loing,2.7385223621088484,48.336562426151474
IDFM:64194,Tacoignières - Richebourg,1.6687960283327352,48.82954776989079
IDFM:411388,Ormoy-Villers,2.837987114034145,49.20054917114145
IDFM:67920,Coulommiers,3.08186038034447,48.808031972818426
IDFM:71630,Fontenay-sous-Bois,2.4642837371476953,48.843616777721046
IDFM:63071,Vigneux-sur-Seine,2.41415783474189,48.70814698588002
IDFM:59830,Bouray,2.29055595466474,48.53310416994642
IDFM:73538,Espace V,2.553105103675248,48.96016186083363
IDFM:411406,Le Plessis-Belleville,2.7450250946099195,49.095897569837405
IDFM:69136,Compans,2.6659306044920275,48.991251464443636
IDFM:65804,Foch Pasteur / Maurecourt,2.064185728470073,48.987181270509446
IDFM:69065,Mitry - Claye,2.6425907178103905,48.97554219052763
IDFM:69639,Orly Ville,2.402930543432024,48.74158641537615
IDFM:73491,Sevran Beaudottes,2.524251798476457,48.94722295276624
IDFM:62290,Savigny-le-Temple - Nandy,2.58447608550892,48.595784221062644
IDFM:68385,Marne-la-Vallée Chessy,2.78336655060897,48.86868601781023
IDFM:71274,Invalides,2.313772649516597,48.86170763515209
IDFM:67196,Santeuil - Le Perchay,1.9491928573493376,49.123767026133216
IDFM:70133,Fontenay-aux-Roses,2.2931627130136105,48.787883281053915
IDFM:411376,Mareuil-sur-Ourcq,3.0757524882096337,49.13538084659193
IDFM:67292,Persan - Beaumont,2.278474737910587,49.147663878395456
IDFM:72421,Pantin,2.401150007256789,48.897443910650715
IDFM:66915,Épluches,2.122684780882659,49.05542303902715
IDFM:65691,Vernouillet - Verneuil,1.9827265069721196,48.981270397021625
IDFM:65399,Cormeilles-en-Parisis,2.1936307911144555,48.96826079783465
IDFM:73266,Le Chénay Gagny,2.5526909709786727,48.87654278738195
IDFM:64970,Carrières-sous-Poissy / 3 Tours,2.0323329430863613,48.94141503033919
IDFM:60542,Orangis Bois de l'Épine,2.4075008071713233,48.636617520655314
IDFM:479955,Sablons,1.9147936423009815,48.97709629947252
IDFM:73627,Grand Bourg,2.434479545710241,48.64875722904356
IDFM:60985,Petit Vaux,2.3344419656690927,48.676166077331814
IDFM:61848,Farcy,2.624635025227811,48.51569653276609
IDFM:67783,La Ferté Gaucher Centre / La Halle / Rue d'Orient,3.307392219294537,48.78258117672656
IDFM:59882,Saint-Chéron,2.1257361490015385,48.5513076724038
IDFM:67227,Nointel - Mours,2.280430497561518,49.13267335619226
IDFM:73798,Rosa Parks,2.374287262602372,48.896780934685566
IDFM:68143,Collège Jean Monnet,2.647753581435131,48.84259342091979
IDFM:69622,Les Baconnets,2.2884841505681393,48.73969546389572
IDFM:63320,Massy - Verrières,2.273434437428214,48.73450041815233
IDFM:62172,Saint-Fargeau,2.542698605124847,48.56497625814112
IDFM:61630,Vulaines-sur-Seine - Samoreau,2.7531011107867545,48.430461471546906
IDFM:66079,Sarcelles - Saint-Brice,2.3695111105907367,48.99550939543268
IDFM:478855,Étampes,2.1599566732281934,48.436916849512016
IDFM:60115,La Norville - Saint-Germain-lès-Arpajon,2.266215906699314,48.59111916474817
IDFM:70393,Saint-Maur - Créteil,2.472207931182716,48.80653515085559
IDFM:411477,Villeneuve-sur-Yonne,3.2865046950805197,48.085206695756156
IDFM:70210,Bagneux,2.321351111662759,48.793182307697364
IDFM:69568,Villeneuve-Saint-Georges,2.446652219981372,48.73065302521786
IDFM:71718,Val de Fontenay,2.4881183285618103,48.853730859563576
IDFM:411502,Saint-Piat,1.5900733879453606,48.542555489100806
IDFM:426093,Dugny - La Courneuve,2.4118654407615177,48.94381511702946
IDFM:67820,Monument aux Morts,3.272507834548448,48.79113800698026
IDFM:73106,Fourchette de Bry,2.5100202045708,48.8274985429325
IDFM:63029,Lozère,2.21214038568627,48.70589061311374
IDFM:61914,Jean Jaurès,2.6459037924987086,48.5262059927272
IDFM:72598,La Courneuve - Aubervilliers,2.3849024388313063,48.92362124439819
IDFM:71475,Pont Cardinet,2.3150648659981963,48.887831870443904
IDFM:65632,Mairie / Manoir / Rue du Hameau,1.974458950155502,48.97892974312126
IDFM:59403,Angerville,2.003716814934207,48.31160533659635
IDFM:67126,Belloy - Saint-Martin,2.361719133434029,49.09805240626653
IDFM:65703,Faisanderie / La Garenne La Source,1.968783735793724,48.98230290668599
IDFM:72652,Drancy,2.4548816260510695,48.93288092805197
IDFM:67688,Campus Sainte Thérèse / Ferme Pereire,2.6992935996674166,48.757176746391096
IDFM:66654,Domont,2.338122334960645,49.03240628012083
IDFM:64199,Plaisir - Grignon,1.9435422532845175,48.83169228152441
IDFM:478926,Auber,2.3297340556061523,48.87284204741142
IDFM:411483,Montargis,2.7429394830349696,48.00672778886036
IDFM:411459,Pont-sur-Yonne,3.20182215847476,48.2862001432567
IDFM:70956,Nanterre Université,2.213638153292894,48.900721218710935
IDFM:68427,Lagny Thorigny / Foch Paix Notre Dame,2.7013442896104936,48.8766572482259
IDFM:60915,Épinay-sur-Orge,2.3321064591414045,48.66973464911784
IDFM:69663,Villeneuve Triage / Hector Berlioz,2.446566144722081,48.745835120276105
IDFM:72646,Aulnay-sous-Bois,2.49542900729953,48.93190742259941
IDFM:73604,Achères Ville,2.077115287792409,48.97006468502497
IDFM:63426,La Verrière,1.9432162270931463,48.75537090750065
IDFM:66672,Bessancourt,2.2113731389250346,49.0358176458608
IDFM:72303,Gennevilliers,2.3073494029804635,48.93319821661805
IDFM:480614,Verdun,2.360725379175273,48.876402363641226
IDFM:424296,Villiers - Neauphle - Pontchartrain,1.8769372561376882,48.81520578551152
IDFM:63035,Eglise,2.4548765847794773,48.707336622406
IDFM:65827,Maurecourt,2.0602665708046244,48.987802611696985
IDFM:422067,Le Val d'Or,2.2159585070243004,48.85624985794026
IDFM:72148,La Garenne-Colombes,2.2373501076888997,48.909746380406844
IDFM:73590,Marguilliers,2.523763376836806,48.99459761979148
IDFM:72041,Noisy-le-Sec,2.4597118420145114,48.89623360672784
IDFM:69950,Créteil Pompadour,2.4351169821102907,48.77202662617891
IDFM:71150,Javel,2.2776933042089658,48.846381555166886
IDFM:63740,Groupe Scolaire Pasteur,2.0356776902635296,48.78271883431979
IDFM:60785,Sainte-Geneviève-des-Bois,2.3136875306974782,48.653447896092
IDFM:72158,Rue de l'Aigle,2.254761180661625,48.9105799149042
IDFM:62567,Charles de Gaulle / Mairie,2.5389016527845847,48.671496381888126
IDFM:67352,Chars,1.93678718487307,49.162839298194555
IDFM:59836,Dourdan,2.0084606592978753,48.533924912113925
IDFM:59420,Boigneville,2.378572751376957,48.34164925967898
IDFM:61658,Héricy,2.7601795434562657,48.44344879627352
IDFM:59661,La Ferté-Alais,2.3513061287181447,48.48495288856972
IDFM:63945,Les Matelots,2.1055821156174757,48.803310851412974
IDFM:64021,Versailles Rive Droite,2.135382528301316,48.810154313125274
IDFM:415522,Place Beilstein,2.6217892541239096,48.804273453495014
IDFM:411505,La Villette Saint-Prest,1.5243665464960081,48.48257328597441
IDFM:67176,Viarmes,2.368309976358639,49.11677905725956
IDFM:59678,Étréchy,2.1945729959995344,48.49387609206692
IDFM:411330,Saint-Leu-d'Esserent,2.417071454431694,49.21379460642065
IDFM:411465,Villeneuve-la-Guyard,3.0720201061041963,48.34261875935412
IDFM:70640,Joinville-le-Pont,2.463819819820755,48.820501110843026
IDFM:65845,Mairie / Poste,1.8120730952637025,48.98832221076321
IDFM:69656,Orly - Gaston Viens,2.4076808338870808,48.74481656784258
IDFM:59450,Guillerval,2.0597027321607784,48.37428478563944
IDFM:67944,Mouroux,3.042851704229267,48.81391314953219
IDFM:68137,Cours des Lacs,2.6309653652726803,48.841886290677685
IDFM:63594,Petit Jouy Les Loges,2.1465359146122407,48.77100598371306
IDFM:65582,Garges - Sarcelles,2.390390130223988,48.976476947897005
IDFM:478347,Saint-Gratien (Bd Pasteur) / Berthie Albrecht,2.283515056294623,48.96558061515626
IDFM:65669,Ermont - Eaubonne,2.270756137509537,48.98035457715928
IDFM:64918,Sartrouville,2.1579181922624975,48.93757429799871
IDFM:66977,Osny,2.057534666294804,49.0630883780194
IDFM:60368,Strathkelvin / Tarterêts,2.4628449102445757,48.619636246734025
IDFM:62003,Le Mée,2.6246663798045846,48.5397019791629
IDFM:62825,La Hacquinière,2.1516106103390045,48.695299548452454
IDFM:59984,Mennecy,2.4326345482525316,48.571028616827434
IDFM:72017,L'Etoile,2.4853740716142902,48.89283978736455
IDFM:463754,Sèvres Rive Gauche,2.214336822294002,48.82098388147601
IDFM:411429,Chantilly - Gouvieux,2.4595921526488045,49.18761023942759
IDFM:71572,Bibliothèque François Mitterrand,2.3770938294130506,48.829789523685854
IDFM:65663,Champ de Courses d'Enghien,2.2913677117738285,48.980159790880215
IDFM:59842,Sermaise,2.0695714529791553,48.53556995578847
IDFM:412697,Noisy-le-Grand - Mont d'Est,2.5505923657550102,48.84086489292893
IDFM:62667,Gravigny Balizy,2.316779721146932,48.685402451335115
IDFM:66795,Bouffémont - Moisselles,2.3227147912035253,49.04514748385083
IDFM:65305,Saint-Gratien,2.2862482491848026,48.9634746387342
IDFM:71590,Nogent-sur-Marne,2.4721838765817417,48.83514849369706
IDFM:66696,Cergy Préfecture,2.080074950205251,49.036695605159764
IDFM:62978,Saint-Rémy-lès-Chevreuse,2.070717862404345,48.702844431078844
IDFM:71935,Rosny-sous-Bois,2.4864269859447155,48.87113024397187
IDFM:59948,Marolles-en-Hurepoix,2.2906297099350383,48.56520207969778
IDFM:427230,Robinson,2.2804733313900534,48.779254095363385
IDFM:411447,Bonneval,1.3862711811788562,48.186422216965354
IDFM:73278,Gagny,2.5258408407745745,48.88299302145441
IDFM:59531,Saint-Martin d'Étampes,2.145128483301033,48.42779603935266
IDFM:67076,Montgeroult - Courcelles,2.0039346478485185,49.08087405853872
IDFM:73097,Villiers-sur-Marne - Le Plessis-Trévise,2.5433185367923508,48.82354273683933
IDFM:70945,Nanterre Préfecture,2.2220079549058154,48.896090368950084
IDFM:73624,Le Vert de Maisons,2.4336076699120714,48.789481421787215
IDFM:67000,Montsoult - Maffliers,2.322350524179967,49.066238487788816
IDFM:61423,Saint-Mammès,2.81628529242187,48.38231345153734
IDFM:65770,Mantes Station,1.715606803303922,48.982701171929
IDFM:67886,Saint-Siméon,3.2091192168667124,48.79956052603091
IDFM:64356,Bretèche / Guitel Lecoq,2.0299081084929953,48.86390733892773
IDFM:69633,Rungis la Fraternelle,2.352434788890079,48.74117525130972
IDFM:59966,Gabrielle d'Estrées / Rue du Puits,2.480910100657545,48.56831196020514
IDFM:66731,Saint-Ouen-l'Aumône Quartier de l'Église,2.104115256384031,49.039696424203555
IDFM:62168,Nangis,3.012223999993281,48.561487235911585
IDFM:68266,Val d'Europe,2.7727353185191577,48.8542546901682
IDFM:73354,République - Marx Dormoy,2.523570561496282,48.90608269212403
IDFM:69503,Chaville Rive Droite,2.1879786712366647,48.81242987481575
IDFM:67241,Champagne-sur-Oise,2.242222474769128,49.135940904265404
IDFM:73684,Lycée Robert Doisneau / Tarterêts,2.45823461752569,48.613480580028394
IDFM:478505,Juvisy,2.3841831589022147,48.68960585691272
IDFM:63893,Houdan,1.6022710484444687,48.79575468751435
IDFM:411453,Sens,3.2673805413803247,48.19822559869753
IDFM:69487,Chaville - Vélizy,2.184662590927662,48.799370363385535
IDFM:60052,Égly,2.222515406878187,48.5825836572266
IDFM:59825,Ballancourt,2.3709369923567425,48.53168548312322
IDFM:67897,Émerainville - Pontault-Combault,2.617663307618923,48.80619893574074
IDFM:423056,Vigne Blanche,1.9123398787131298,48.98173696872259
IDFM:67827,Champgoulin,3.2561836545952625,48.79179018933259
IDFM:62351,Mormant,2.888938631993204,48.61350977938497
IDFM:74127,Vernon - Giverny,1.478470064428275,49.09108583810178
IDFM:59843,Dourdan la Forêt,1.9964123582789242,48.53494721111262
IDFM:73092,Georges Demésy,2.5502292255916013,48.82294836943659
IDFM:66436,Neuville Université,2.079348783679217,49.01440234940957
IDFM:73718,Chaville Rive Gauche,2.1888648785766653,48.80492134566651
IDFM:60028,Breuillet - Bruyères-le-Châtel,2.191949080052205,48.57726142039487
IDFM:63999,Fontenay-le-Fleury,2.040362648678501,48.8073516487988
IDFM:73166,Bry-sur-Marne,2.5259516442613905,48.844605506569266
IDFM:73860,République - La Poste / Ecole Militaire,2.069527664491933,48.7994783912967
IDFM:70427,Laplace,2.3337952367397734,48.808479126768745
IDFM:63404,Bièvres,2.215314510140175,48.751491999356254
IDFM:61858,Longueville,3.250213759946429,48.513394612224545
IDFM:64566,Saint-Germain-en-Laye Bel-Air - Fourqueux,2.071082044727547,48.89567577947302
IDFM:72881,Boissy-Saint-Léger,2.5051836460802868,48.75296403300046
IDFM:63886,Porchefontaine,2.1528894390051514,48.797480972669554
IDFM:72381,Gilbert Bonnemaison,2.3080828195440697,48.95451097965315
IDFM:67476,Brunoy,2.506319632061458,48.69899369324988
IDFM:71033,Place d'Italie,2.3555709522236308,48.831415772712255
IDFM:73360,Gargan,2.5170235945982866,48.90815633008744
IDFM:71607,Bercy,2.381282574050023,48.83898030836166
IDFM:62890,Gif-Sur-Yvette,2.136891042679406,48.69801923478294
IDFM:71073,Balard,2.27810265954895,48.836504438496775
IDFM:64338,Beynes,1.8755380289339938,48.85988068803363
IDFM:61412,La Grande-Paroisse,2.8969019378410525,48.378898210107494
IDFM:72064,Porte de la Chapelle,2.359593407593158,48.897642587233705
IDFM:66484,Éragny - Neuville,2.090750003238467,49.01794731820281
IDFM:64883,Poissy,2.040622851172786,48.9327357707875
IDFM:73108,Aristide Briand - Général De Gaulle / Beauséjour,2.535635997137683,48.827434367253105
IDFM:72564,Place du 19 Mars 1962,2.451239555170325,48.920011921015266
IDFM:73623,Maryse Bastié,2.3769194776033995,48.82386174812351
IDFM:73605,Conflans Fin d'Oise,2.074666737338374,48.99021218185738
IDFM:65441,Sannois,2.263452224583441,48.97034659280508
IDFM:73596,Aéroport CDG 1 (Terminal 3),2.560260244597555,49.01023486412317
IDFM:69662,Les Saules,2.416909060843077,48.74598178768272
IDFM:73312,Allée de la Tour-Rendez-vous,2.5062567905900566,48.896961540761446
IDFM:64572,Mareil-sur-Mauldre,1.8718488171877579,48.89302020567544
IDFM:462934,Ozoir-la-Ferrière,2.690054696414029,48.77019445210668
IDFM:65752,Cernay,2.256984895906307,48.98513550724819
IDFM:60525,Pyramides / Lycée des Loges,2.4252832392047967,48.635090121437415
IDFM:73114,Friedberg,2.539194161358421,48.83018218037361
IDFM:72204,Grésillons - Laurent Cély,2.307521637215273,48.91769529637134
IDFM:63523,Jouy-en-Josas,2.163130112555522,48.764633915040235
IDFM:73600,Nicot / Ecole Notre Dame,2.076141170423821,48.894212999487834
IDFM:70940,Nanterre Ville,2.1945987102607827,48.89564386371856
IDFM:471371,Thomery,2.7639170817949954,48.39707926805774
IDFM:70505,Clamart,2.272660680485391,48.813496693386135
IDFM:411499,Jouy,1.5573780613685342,48.509921715910615
IDFM:71056,Denfert-Rochereau,2.332734761848371,48.83389423071392
IDFM:411441,Creil,2.468932722996438,49.2638259762795
IDFM:67065,Mériel,2.205342315295818,49.07777496094889
IDFM:72028,Les Coquetiers,2.499753036091097,48.893148027694096
IDFM:63025,Le Guichet,2.1919067705349993,48.70613328903101
IDFM:63072,Montgeron - Crosne,2.46228023139646,48.70829216661925
IDFM:73190,Neuilly-Plaisance,2.5140924378033263,48.853156068339864
IDFM:421297,La Plaine,2.525054605986787,48.69632144143138
IDFM:62064,Champbenoist Poigny,3.2864480209324887,48.54603545377897
IDFM:480550,Ministère de l'Economie et des Finances,2.3783441220344685,48.84088970869434
IDFM:67177,Luzarches,2.4212359941482973,49.117644447057536
IDFM:477285,Notre-Dame des Anges,2.556690751609041,48.9007915842466
IDFM:65668,Issou - Porcheville,1.7846678812049326,48.9792703394028
IDFM:66520,Vaucelles,2.229990344889035,49.02142455291207
IDFM:64480,Couture / Mareil-Marly / Lavoir,2.0726985630175543,48.88532773486282
IDFM:68096,Collège du Segrais,2.652667591791687,48.83512524860179
IDFM:66063,Gros Noyer Saint-Prix,2.2594466737537315,48.99647227567829
IDFM:73747,Cabane Noire / Bonne Auberge,2.743276716128741,48.87794170104472
IDFM:411512,Épernon,1.6816723125024857,48.60508485349536
IDFM:60309,Corbeil-Essonnes,2.472721999510473,48.61357709280841
IDFM:60422,Le Bras de Fer,2.45162301797347,48.6236734449425
IDFM:72633,Rond-point Pierre Sémard - P. Vaillant Couturier,2.4792139241822815,48.92920316663196
IDFM:65985,Les Clairières de Verneuil,1.9552481530251116,48.99246512403242
IDFM:64977,Stalingrad / Masures,2.1637767542176105,48.94209834108253
IDFM:70902,Rueil-Malmaison,2.1715097581494804,48.88729784550682
IDFM:64145,Villepreux - Les Clayes,1.9918675173045932,48.82344350683462
IDFM:69603,Paul Painlevé / Place Gounot,2.4113609228544943,48.736861252638846
IDFM:60797,Grigny Centre,2.3958060266783607,48.65388351188084
IDFM:63593,La Passerelle,1.9698351934699718,48.77070564256717
IDFM:71359,Gare de l'Est,2.3586128821248176,48.87703379190034
IDFM:65227,Épinay - Villetaneuse,2.327941453115111,48.958409869508586
IDFM:63240,Les Essarts-le-Roi,1.889740985971045,48.72206280810167
IDFM:65788,Limay,1.7474174957189186,48.983995334951814
IDFM:63134,Athis-Mons,2.40318485970654,48.71278732957569
IDFM:71562,Parc du Tremblay,2.493876659982687,48.82807827231678
IDFM:64025,Garancières - La Queue,1.76458399962282,48.81055368141758
IDFM:63454,Vauboyen,2.191756234027354,48.75848427875931
IDFM:69625,Villeneuve-le-Roi,2.4250241088326767,48.74020179937739
IDFM:73576,Foyer des Bruyères,2.5557502255896445,48.98142974157033
IDFM:411343,Liancourt-Saint-Pierre,1.9054228558161719,49.22060498779062
IDFM:73594,Rue des Vignes,2.5481301761204196,49.00462819790257
IDFM:70623,Cité Universitaire,2.339533882679739,48.82090900580175
IDFM:60733,Jean Jaurès,2.4066599508561826,48.650331023954095
IDFM:72383,Épinay-sur-Seine,2.30155084085226,48.954675904547265
IDFM:412712,Stade / La justice,2.500017399752255,48.562344230793386
IDFM:463850,Trappes,2.0062447044394025,48.77470637172502
IDFM:62892,Orsay Ville,2.1820128153047484,48.69827603800392
IDFM:70705,Vaucresson,2.152662889753777,48.83699019892247
IDFM:65517,Jean Jaurès,1.9868509160954104,48.97470044425125
IDFM:73861,Division Leclerc,2.0731537994763674,48.8003700167433
IDFM:73731,Saint-Cyr,2.072799565245541,48.79885173301913
IDFM:73625,Maisons-Alfort - Alfortville,2.4271347621504433,48.80130907214805
IDFM:411391,Nanteuil-le-Haudouin,2.794390881802207,49.142511620292915
IDFM:72206,Stade de France Saint-Denis,2.3519697653374667,48.9178224701412
IDFM:426083,Stains la Cerisaie,2.391793289924294,48.95462761389523
IDFM:71139,Gare Montparnasse,2.319342991047202,48.84067243107856
IDFM:66321,Meulan - Hardricourt,1.9013412391995306,49.00532415506865
IDFM:413442,Aristide Briand,2.371401791149619,48.70872943896624
IDFM:63677,République Paul Vaillant Couturier,2.004950162976424,48.77709264728074
IDFM:411422,Orry-la-Ville - Coye,2.4898604453844024,49.13857210808302
IDFM:411493,Dreux,1.3710627915334217,48.73157378987803
IDFM:70359,Le Parc de Saint-Maur,2.486086314234147,48.804786870372396
IDFM:73329,Hôpital de Montfermeil,2.5705339438728063,48.90103986824778
IDFM:66834,Cergy le Haut,2.010883213467724,49.04777728058803
IDFM:71597,Quai de la Gare,2.3734371974298094,48.83707778702631
IDFM:67027,Auvers-sur-Oise,2.174367072242313,49.07046709680563
IDFM:69300,Louvres,2.5016945664923185,49.04938623879934
IDFM:65048,Maisons-Laffitte,2.144324154983506,48.94573812402797
IDFM:69541,Sèvres Rive Gauche / Mairie,2.213790070658944,48.82472625821561
IDFM:73163,Noisy - Champs,2.580312370266363,48.84290644634889
IDFM:62751,Mairie,2.3706425125875,48.691653444916646
IDFM:66338,Vaux-sur-Seine,1.9631726468549733,49.00707927162189
IDFM:67734,Aristide Briand / Ozoir-la-Ferrière,2.673284034218644,48.768144102946025
IDFM:411373,La Ferté-Milon,3.1209424419943055,49.17953791117565
IDFM:67839,Roissy-en-Brie,2.6499949660035234,48.79533863228219
IDFM:71347,Charles de Gaulle - Etoile,2.295493637520222,48.87381906263784
IDFM:66741,Bonnières,1.580751479661009,49.03870762775659
IDFM:71045,Porte de Versailles,2.2878370017396894,48.83252459684341
IDFM:422776,Essonnes Robinson,2.463366494934173,48.60581302570099
IDFM:73620,Saint-Michel Notre-Dame,2.3444515791552996,48.852796171798516
IDFM:65647,Maison Bleue / Chemin Neuf,2.234834747792711,48.9801762527099
IDFM:69661,Marcel Cachin - Voie des Saules,2.4107297663623415,48.745798546653546
IDFM:415683,Capitaine Deplanque,2.4282608943850112,48.802906380205876
IDFM:73749,Saint-Cloud,2.2169811378491104,48.84533855801127
IDFM:415614,Conservatoire / Essonnes Robinson,2.46409504604263,48.604205921115394
IDFM:60107,Salvador Allende / Pré Barallon,2.261480688289079,48.59323084216599
IDFM:60522,Évry - Val de Seine,2.451828844992022,48.633819591552815
IDFM:422420,Viroflay Rive Droite,2.1682704999631928,48.805778171623686
IDFM:62596,Boussy-Saint-Antoine,2.5325104293971057,48.68153215225139
IDFM:68419,Vaires - Torcy,2.638879366391119,48.87563526236362
IDFM:63548,La Petite Villedieu,1.9608878778737369,48.766962810261646
IDFM:67169,Presles - Courcelles,2.2873878251626385,49.112987808768715
IDFM:73411,Freinville Sevran,2.5204801563179506,48.926866406402674
IDFM:73688,Haussmann Saint-Lazare,2.3286461783787527,48.87499886199355
IDFM:68494,Lagny - Thorigny,2.7075297020638764,48.88231571889671
IDFM:411327,Précy-sur-Oise,2.3761711482121064,49.20337669047557
IDFM:74138,Auneau,1.779624169267478,48.446265044612794
IDFM:62412,Lieusaint - Moissy,2.5687902030470244,48.628054652835445
IDFM:63880,Versailles Chantiers,2.1354700907472384,48.79583621479475
IDFM:74077,Dordives,2.763115849589406,48.14756873997368
IDFM:478733,Magenta,2.358695908637114,48.88081039411524
IDFM:483412,Ivry sur Seine / Voltaire / Hôtel de Ville,2.3866553804085564,48.812530439909764
IDFM:66148,Hector Carlin / Place de la Libération,2.2592097555877055,48.99968154802186
IDFM:62139,Provins,3.302409456311429,48.55565667066714
IDFM:474399,Balzac,2.269326261053374,48.908596717534365
IDFM:66283,Arquebuse / Poste,1.9099929011682293,49.00439135002834
IDFM:72998,La Varenne - Chennevières,2.5135577606603783,48.79473078385811
IDFM:73297,Le Raincy - Villemomble - Montfermeil,2.511811837138605,48.889276803886595
IDFM:67906,Moulin du Pont,3.2355408288207377,48.80530524123366
IDFM:63044,Yerres,2.4831851772305336,48.70663556982049
IDFM:67604,Marles-en-Brie,2.8682793488141884,48.734390331926576
IDFM:73547,Villepinte,2.512207246022037,48.96279913929297
IDFM:67016,Chaponval,2.1422562163605066,49.06946439717966
IDFM:73754,La Ferté-Gaucher,3.29782654115986,48.78239977768085
IDFM:411284,Rougemont Chanteloup,2.515319729017343,48.93070804714186
IDFM:411349,Lavilletertre,1.92239355624458,49.20289280065999
IDFM:73263,La Mare,2.5496109863229246,48.87638489024376
IDFM:72358,Saint-Denis - Université,2.3645181228032692,48.94619570891577
IDFM:62851,Bures-sur-Yvette,2.1638213737065883,48.69515007698084
IDFM:59447,Buno - Gironville,2.3866876877036236,48.37085316837771
IDFM:68916,Villeparisis - Mitry-le-Neuf,2.603022351878772,48.95339529644574
IDFM:64251,La Celle-Saint-Cloud,2.1381619109204317,48.843029414238416
IDFM:482881,Rue de la Station,2.2860591504646215,48.90662919038199
IDFM:73364,Maurice Audin,2.5389052070354694,48.9090519214038
IDFM:73720,Atrium,2.1928717267500146,48.81347933310917
IDFM:72323,Saint-Denis,2.3456070291484896,48.93495999517514
IDFM:71271,Pont de l'Alma,2.3009404999782026,48.86212801004908
IDFM:71673,Nation,2.39633370106653,48.84874676705499
IDFM:68105,Bussy-Saint-Georges,2.710640873216285,48.83651164306834
IDFM:69162,Isles - Armentières - Congis,3.0059925994041765,48.99872567462749
IDFM:61976,Ponthierry - Pringy,2.5462417370667194,48.53457083625671
IDFM:73096,Les Yvris Noisy-le-Grand,2.5807824657486504,48.8234236223614
IDFM:61218,Nemours Saint-Pierre,2.6861289391207617,48.26787547705714
IDFM:67805,Mortcerf,2.907708835863544,48.78924557184394
IDFM:72430,Porte de la Villette,2.386209748766301,48.89782692280753
IDFM:60006,Le Plessis Chenet,2.4795222910084975,48.57358727886637
IDFM:477278,Clichy - Montfermeil,2.5551580159661405,48.90456744745804
IDFM:64233,Allée du Tillet,2.083420304269346,48.83984338066014
IDFM:411397,Crépy-en-Valois,2.8876260684564095,49.231226048139426
IDFM:61318,Bourron-Marlotte - Grez,2.6921108343978024,48.332717058540446
IDFM:64405,Marly-le-Roi,2.0972538233857545,48.871485353023374
IDFM:61537,Champagne-sur-Seine,2.79899829088508,48.40688277433833
IDFM:65326,Épône - Mézières,1.8089354759751863,48.96305109286083
IDFM:68407,Chelles - Gournay,2.5834847274029493,48.87474487867319
IDFM:68293,Crécy-la-Chapelle,2.9054310746218044,48.85941088132318
IDFM:64487,Croix Rouge,2.0697926536535403,48.88691954305925
IDFM:65682,Pont de Triel / Senet,2.0035325420808463,48.97924672767231
IDFM:61763,Chartrettes,2.6953291719384147,48.48716357039334
IDFM:64789,Les Blanches / Houilles,2.193208281146208,48.92639586014933
IDFM:73719,Puits Sans Vin / Mairie,2.188061341277532,48.80843257776917
IDFM:69435,Crouy-sur-Ourcq,3.0629017826122555,49.09183191192364
IDFM:72033,Remise à Jorelle,2.4880231156156216,48.89408769324067
IDFM:59761,Lardy,2.2554272192554308,48.52062314134499
IDFM:59565,Boutigny,2.37659894232983,48.43481151148056
IDFM:68963,Meaux,2.8733896150765514,48.95684522113144
IDFM:63660,Paul Langevin,1.9902820613892007,48.77625450590214
IDFM:63547,Franche-Comté Bourgogne,1.9505447196222656,48.76639116171497
IDFM:63369,Coignières,1.9214184023981655,48.74374799338111
IDFM:70064,Les Ardoines,2.408654343118886,48.783150173212846
IDFM:411486,Malesherbes,2.4012858739096004,48.293634553791804
IDFM:74002,Pont du Garigliano - Hôpital Européen G. Pompidou,2.2706084906795025,48.838514045471314
IDFM:65931,Mantes-la-Jolie,1.7033904939259679,48.989035968118294
IDFM:66858,Cergy Saint-Christophe,2.0343959779062994,49.0497940238548
IDFM:68371,Avenue du Général Leclerc / Joncs,2.683023739541407,48.870427354020144
IDFM:73334,Les Pavillons-sous-Bois,2.511088898849544,48.902363716723336
IDFM:61727,Bois-le-Roi,2.6918839299911954,48.47526838613862
IDFM:72211,La Plaine Stade de France,2.3617735003430487,48.91841475498253
IDFM:411474,Saint-Julien du Sault,3.302762450780337,48.02662402302481
IDFM:411385,Nogent-L'Artaud - Charly,3.3224930953114944,48.968806976416666
IDFM:474151,Châtelet les Halles,2.34697651043533,48.86174503191322
IDFM:60450,Évry - Courcouronnes,2.427791286942072,48.62540536268721
IDFM:423615,Vaux-sur-Seine,1.9610727547343998,49.0068183089487
IDFM:63352,Igny,2.2306780226411913,48.74041628719803
IDFM:71016,Issy Val de Seine,2.2638372352583134,48.829816050524464
IDFM:64949,Villennes-sur-Seine,1.999451238263222,48.93966862081382
IDFM:426280,Rosny Bois Perrier,2.4814049189984266,48.88260194961269
IDFM:411379,Château-Thierry,3.4094551756509444,49.03803714166139
IDFM:66491,Pierrelaye,2.153367053880608,49.01925906005031
IDFM:72287,Le Stade,2.2606374986056674,48.931035109970715
IDFM:70686,Sèvres - Ville-d'Avray,2.200364967838826,48.82659341814859
IDFM:73695,Fort d'Aubervilliers,2.4039751093122086,48.914576296461696
IDFM:72401,Cygne d'Enghien - Joffre,2.2953320069824907,48.96134313608414
IDFM:63067,Palaiseau - Villebon,2.237852185343227,48.70729396859556
IDFM:479388,Rue de l'Industrie / Place de l'Ermitage,2.654826909733142,48.526479621925525
IDFM:71229,Boulainvilliers,2.2748139622471455,48.856468480942794
IDFM:59429,Monnerville,2.0318500257160674,48.34817622578408
IDFM:65190,Achères Grand Cormier,2.092753099043348,48.95532768358573
IDFM:60124,Villabé,2.46099434338912,48.59314555689689
IDFM:70515,Meudon,2.2428787225795106,48.81436409632574
IDFM:73482,Vert Galant,2.5673065519167597,48.94469325828919
IDFM:71212,Avenue du Président Kennedy Maison de Radio France,2.2806297909552633,48.85329736855022
IDFM:63980,Gabriel Péri / Les Arcades,2.169723963944744,48.803859036674545
IDFM:415518,Maurice Cayen,1.8688321331621593,48.8959507150984
IDFM:66533,Écouen - Ézanville,2.362886680815284,49.02308955044477
IDFM:411468,Joigny,3.393667054376571,47.973655686300866
IDFM:62634,Pyramide,2.491173207424367,48.684601040013376
IDFM:62073,Robert Schuman,2.6378395159518213,48.55062761375073
IDFM:62069,André Malraux / Lavoisier,2.666865801128674,48.55009175838722